{
  "trained_at": "2026-05-16T10:47:15.480998",
  "macro_f1": 0.8696428571428572,
  "cv_f1_mean": 0.8616100454674622,
  "thresholds": {
    "0": 0.35,
    "1": 0.35,
    "2": 0.25,
    "3": 0.25,
    "4": 0.3,
    "5": 0.3,
    "6": 0.25,
    "7": 0.25
  },
  "num_labels": 8,
  "train_size": 147,
  "test_size": 32
}
